epoch,error,weights
1,3,"[-0.003666103074992152, -0.07027162111719258, -0.004500387601591861, -0.1395532941050962, -0.060794641402533475]"
2,3,"[0.01222046161949348, 0.03616836233586114, 0.036804680604070786, -0.07918434826605082, -0.052851359055290655]"
3,3,"[-0.0019384540681892798, -0.026130866689942994, -0.014167415871587138, -0.11741342062279427, -0.07125794944927824]"
4,2,"[-0.0019384540681892798, -0.01729746386722028, -0.015429330560547523, -0.1338183115792793, -0.08513901102784249]"
5,3,"[0.009308372435617702, 0.06255500430980927, 0.019435831601254124, -0.09782846676709694, -0.08064028042631971]"
6,3,"[-0.0007153722369277454, 0.018450527750609305, -0.016649649219909482, -0.12489257738296966, -0.0936711485006288]"
