epoch,error,weights
1,2,"[0.0, -0.3800000000000001, 0.05999999999999994, -0.6600000000000001, -0.23999999999999996]"
2,2,"[0.0, -0.7600000000000002, 0.11999999999999988, -1.3200000000000003, -0.4799999999999999]"
3,1,"[0.2, 0.2599999999999998, 0.82, -1.0400000000000003, -0.43999999999999995]"
4,0,"[0.2, 0.2599999999999998, 0.82, -1.0400000000000003, -0.43999999999999995]"
