epoch,error,weights
1,1,"[0.017109646525747167, 0.13074814595546125, 0.04217291269691772, -0.01794246480692019, -0.04910860159394152]"
2,3,"[0.0012230818312615362, 0.07196785658586442, -0.008664094325436307, 0.032894542215433836, -0.015746815735521703]"
3,2,"[0.0012230818312615362, 0.08895855541108375, -0.011495877462972856, 0.09802555437877453, 0.016818690346148645]"
4,3,"[-0.01139606505834233, 0.04226771191954944, -0.051877147509705235, 0.1384068244255069, 0.04331889881431676]"
