epoch,error,weights
1,7,"[0.2, 0.45999999999999974, 1.08, -1.9999999999999998, -0.8599999999999999]"
2,0,"[0.2, 0.45999999999999974, 1.08, -1.9999999999999998, -0.8599999999999999]"
