epoch,error,weights
1,82,"[-1.609823385706477e-15, -11.240000000000023, -4.919999999999964, 11.100000000000831, 11.420000000000316]"
2,62,"[2.799999999999999, -2.980000000000025, 7.160000000000038, -1.9599999999991666, 4.920000000000303]"
3,4,"[2.799999999999999, -3.4400000000000244, 7.1200000000000365, -3.279999999999167, 4.280000000000302]"
4,0,"[2.799999999999999, -3.4400000000000244, 7.1200000000000365, -3.279999999999167, 4.280000000000302]"
